amount,tx_frequency_5min,is_new_beneficiary,rapid_in_out,hour_of_day,ip_change,device_change,num_connections,is_fraud
17179.266240770365,0,0,0,18,0,0,0,0
28428.097141987815,1,0,0,8,0,0,0,0
24198.769135940754,0,0,0,14,0,0,1,0
3671.5216305321446,1,1,0,12,0,0,1,0
106307.24058852898,3,1,0,0,1,1,8,1
28390.988130338712,0,0,0,10,0,0,0,0
9659.653395261641,1,0,0,10,0,0,1,0
19778.978746497447,1,0,0,11,0,0,1,0
28042.862033393914,1,0,0,12,0,0,0,0
21362.54232875705,0,0,0,18,0,0,1,0
14202.729165276292,0,0,0,16,0,0,0,0
488614.95864195854,7,1,1,3,1,0,8,1
6687.541048796829,1,0,0,17,0,0,0,0
4355.902380969415,3,1,0,23,1,1,6,1
4373.407153826342,6,1,1,3,1,0,9,1
3968.4804473043564,0,0,0,16,0,0,0,0
2341.3052997533905,0,1,0,13,0,0,1,0
6795.345175118026,1,0,0,13,0,0,0,0
186050.65987492283,4,1,0,22,1,1,5,1
28572.57634303348,0,0,0,9,0,0,1,0
9718.422424169152,0,1,0,18,0,0,1,0
702.1216835837658,0,0,0,12,0,0,0,0
17239.373514042785,0,0,0,16,0,0,0,0
14009.642450337964,0,0,0,10,0,0,1,0
4850.7306488593795,8,1,0,23,1,1,4,1
1921.9842932697504,5,1,1,23,1,1,7,1
2067.771644648237,1,0,0,8,0,0,0,0
4019.2878649706226,0,0,0,13,0,0,1,0
226729.44174139402,9,1,0,22,1,1,6,1
9875.53662766659,0,0,0,9,0,0,0,0
16417.915425405125,0,0,0,15,0,0,1,0
14790.779914172714,1,0,0,18,0,0,0,0
846.652697299783,1,0,0,19,0,0,0,0
5210.998432383364,1,0,0,17,0,0,1,0
468954.55588841403,8,1,1,4,1,1,7,1
24734.50181057746,1,0,0,16,0,0,1,0
1404.2232613261335,7,1,1,23,1,1,7,1
123920.44480314889,8,1,1,3,1,1,4,1
4089.148432143892,1,1,0,14,0,0,0,0
22596.69668088326,1,0,0,12,0,0,0,0
26740.119152252046,0,0,0,8,0,0,0,0
3664.3922409331435,1,0,0,15,0,0,1,0
25335.404811066543,1,0,0,12,0,0,1,0
11532.663598742674,1,0,0,19,0,0,1,0
268526.7035000484,3,1,0,3,1,1,6,1
18153.53005867997,1,1,0,13,0,0,0,0
1840.7036110526556,1,0,0,18,0,0,1,0
493983.56870135816,8,1,1,1,1,1,9,1
10435.142372701592,1,0,0,18,0,0,1,0
3002.7981448316364,5,1,1,1,1,1,3,1
19497.180652384453,1,0,0,8,0,0,1,0
258995.49186825802,4,1,0,22,1,1,6,1
29067.559248276353,1,0,0,18,0,0,1,0
18630.460849297822,0,0,0,11,0,0,0,0
73236.9134080529,6,1,1,22,1,1,6,1
21227.46345692711,0,0,0,10,0,0,0,0
27717.578642734614,0,0,0,16,0,0,0,0
3074.8905993016433,1,1,0,9,0,0,1,0
3371.2075892615653,4,1,1,0,1,1,3,1
26099.280948890628,1,0,0,12,0,0,1,0
3186.1778014820884,1,0,0,19,0,0,1,0
312516.36092495674,6,1,1,0,1,1,6,1
16638.047934645307,0,0,0,13,0,0,1,0
11525.773973897036,1,1,0,19,0,0,0,0
29043.862944167588,0,0,0,9,0,0,1,0
26703.494809831864,1,0,0,19,0,0,0,0
28435.81669422196,0,0,0,9,0,0,0,0
1749.3609631502109,7,1,0,3,1,1,6,1
17193.198462657183,1,0,0,14,0,0,0,0
4272.0983240012,7,1,0,1,1,0,5,1
175442.66382667643,8,1,0,2,1,1,9,1
1611.7197199902148,0,1,0,14,0,0,1,0
275.3553638261229,1,0,0,8,0,0,0,0
3848.722942092811,0,1,0,11,0,0,0,0
3491.8804314071103,1,0,0,17,0,0,0,0
4693.154347005172,6,1,1,3,1,0,4,1
456623.62634821347,5,1,0,23,1,1,5,1
8432.96004626292,1,0,0,12,0,0,1,0
24568.98317771698,1,0,0,13,0,0,0,0
24595.102941862366,0,0,0,10,0,0,1,0
1274.025044294941,0,0,0,14,0,0,0,0
9902.500852785966,0,0,0,12,0,0,0,0
13562.064971511256,1,0,0,19,0,0,1,0
5200.973626187166,0,1,0,10,0,0,1,0
379501.4666594161,7,1,1,22,1,1,6,1
27386.720433182574,1,0,0,9,0,0,1,0
25140.42833660136,1,0,0,17,0,0,1,0
13379.045870240336,1,0,0,17,0,0,1,0
2196.034259996516,1,0,0,14,0,0,0,0
17122.21903392484,1,0,0,10,0,0,1,0
9255.25802241423,0,0,0,12,0,0,1,0
19616.570900939,0,0,0,8,0,0,0,0
417.97201083400967,6,1,1,23,1,1,3,1
3730.305674598667,1,0,0,15,0,0,0,0
7779.218127983037,1,0,0,15,0,0,1,0
471631.08340615523,5,1,1,23,1,1,8,1
14274.880296824944,1,0,0,16,0,0,0,0
1939.1165488060492,5,1,1,23,1,1,3,1
25972.30732011063,0,0,0,14,0,0,0,0
470.3597078849282,6,1,1,22,1,1,5,1
130301.50590653223,6,1,1,2,1,1,7,1
1231.37974554853,9,1,1,3,1,0,8,1
15397.99361731852,0,0,0,15,0,0,1,0
157.36239258142993,6,1,1,0,0,1,7,1
8960.141476804021,1,0,0,18,0,0,0,0
13967.91375776385,0,0,0,18,0,0,1,0
13875.93464722605,0,1,0,9,0,0,1,0
2791.2106570599904,3,1,1,4,1,1,9,1
26772.55992026985,0,0,0,10,0,0,1,0
5832.912899968967,1,1,0,13,0,0,1,0
2579.1459836949866,0,0,0,9,0,0,1,0
24232.499907553432,0,0,0,17,0,0,0,0
15146.29040427317,1,0,0,16,0,0,0,0
4728.102441898748,1,0,0,14,0,0,0,0
268.86017118250004,3,1,1,1,1,1,8,1
207367.10368240255,5,1,0,2,1,1,8,1
23854.976453819832,1,0,0,15,0,0,1,0
5534.731573059707,1,0,0,9,0,0,1,0
29674.847041351128,1,0,0,13,0,0,0,0
10303.209047755847,0,0,0,17,0,0,0,0
13833.180277570906,0,1,0,18,0,0,1,0
27959.038059163595,1,0,0,16,0,0,1,0
10245.227492556067,1,0,0,10,0,0,1,0
8446.001076150664,1,0,0,13,0,0,1,0
491514.69816258806,7,1,1,2,1,1,4,1
1959.9322366181602,0,1,0,12,0,0,0,0
20718.533659443572,0,0,0,15,0,0,1,0
16017.571022353315,0,0,0,16,0,0,1,0
1200.5636324059117,5,1,0,0,1,1,3,1
23287.60837189808,1,0,0,11,0,0,0,0
12841.0250147717,1,0,0,8,0,0,1,0
26222.97323336639,0,0,0,11,0,0,1,0
596.1151709146767,1,0,0,9,0,0,1,0
228779.8834648747,7,1,1,3,1,0,5,1
14203.793130047163,0,0,0,12,0,0,0,0
20639.54890660496,1,0,0,11,0,0,0,0
28852.18212340796,1,0,0,8,0,0,0,0
335732.3855559193,4,1,0,0,1,0,6,1
6601.842673295355,0,0,0,13,0,0,1,0
17709.09894087237,1,0,0,17,0,0,1,0
14957.17600315146,0,0,0,19,0,0,1,0
26609.20370092171,0,0,0,18,0,0,0,0
7760.126281736713,0,1,0,17,0,0,0,0
3724.389373561142,4,1,1,23,1,1,7,1
4037.4384127425906,0,0,0,15,0,0,1,0
6285.469075126405,0,1,0,10,0,0,1,0
424115.6364321803,6,1,1,1,1,1,3,1
18023.88807579563,0,0,0,13,0,0,0,0
24070.36036642002,0,0,0,12,0,0,1,0
6693.077476725848,1,0,0,11,0,0,0,0
1235.1913367788727,7,1,1,4,1,0,5,1
10243.295769097705,0,1,0,13,0,0,1,0
340.9671899293817,1,1,0,19,0,0,1,0
11252.695083449204,1,0,0,17,0,0,0,0
26838.527035866777,0,0,0,18,0,0,1,0
9939.306005875764,1,0,0,16,0,0,1,0
4637.113097296267,0,0,0,14,0,0,1,0
124342.60749809323,6,1,1,4,1,1,3,1
4060.821725133857,0,0,0,11,0,0,0,0
3634.736806503549,0,0,0,10,0,0,0,0
2484.32854499439,4,1,1,3,1,1,8,1
22939.3093559864,0,0,0,17,0,0,0,0
24024.564186913343,1,1,0,13,0,0,1,0
12589.486152491978,1,1,0,18,0,0,1,0
27989.86126919223,0,0,0,11,0,0,1,0
11201.000523111274,1,0,0,15,0,0,1,0
11628.051575599284,0,0,0,13,0,0,1,0
27291.942160207705,0,0,0,12,0,0,0,0
11408.913005776009,1,1,0,16,0,0,0,0
24450.164700135963,0,0,0,12,0,0,0,0
1955.0383670009735,0,0,0,10,0,0,1,0
28603.88431071294,0,0,0,8,0,0,0,0
5005.501289133522,0,1,0,17,0,0,1,0
13446.001924954786,0,0,0,11,0,0,1,0
117367.63587666301,9,1,1,3,1,1,3,1
17586.675087497573,0,0,0,18,0,0,1,0
2990.5966655877023,9,1,1,23,1,1,3,1
13815.282958459393,1,0,0,18,0,0,0,0
403188.0354696731,8,1,1,22,1,1,4,1
12680.023220801642,1,1,0,8,0,0,1,0
5923.727580848053,1,0,0,19,0,0,1,0
362277.10606175056,5,1,1,2,1,1,8,1
20818.31485382118,0,0,0,16,0,0,0,0
2209.4469049258482,0,1,0,14,0,0,1,0
1564.2958430528379,4,1,1,3,1,1,9,1
271862.05297165446,5,1,1,3,1,1,9,1
5325.9604177605215,0,0,0,8,0,0,0,0
4381.12310798509,8,1,0,1,1,1,8,1
641.3231543438338,8,1,1,1,1,0,3,1
23209.12926615919,1,0,0,15,0,0,0,0
6184.291037203844,1,1,0,9,0,0,1,0
18272.575314345926,0,1,0,19,0,0,1,0
7676.044024997101,0,0,0,16,0,0,1,0
491583.7094266705,9,1,0,0,1,1,6,1
27827.919899530287,1,0,0,12,0,0,0,0
19814.785879637435,0,1,0,9,0,0,1,0
2267.8086887552804,4,1,1,3,1,1,8,1
11769.60846902778,1,0,0,12,0,0,0,0
176151.22702172364,8,1,1,2,1,1,4,1
21771.130551255745,1,0,0,14,0,0,0,0
10900.360163376772,0,0,0,13,0,0,1,0
3193.904403032881,0,0,0,14,0,0,1,0
20345.104165030967,1,0,0,14,0,0,0,0
3277.3505532926356,1,0,0,8,0,0,1,0
4108.331070779595,5,1,1,0,1,1,8,1
8578.085526198465,1,0,0,17,0,0,0,0
898.8731509647959,6,1,1,2,1,0,8,1
19440.43314489879,0,1,0,13,0,0,0,0
339159.54345026636,5,1,1,1,1,0,4,1
3425.4827876955674,5,1,1,1,1,0,3,1
22410.771192712942,0,0,0,12,0,0,0,0
24222.529732498144,0,0,0,13,0,0,1,0
336901.22455237457,5,1,0,22,1,1,9,1
16197.056752820581,1,0,0,19,0,0,1,0
28172.42155675396,1,0,0,11,0,0,0,0
6202.221068557232,1,0,0,17,0,0,1,0
1537.9600813198595,1,1,0,13,0,0,1,0
22147.451863717073,1,0,0,19,0,0,0,0
16004.796028828465,0,1,0,18,0,0,0,0
416957.8273432469,5,1,1,4,1,1,6,1
14945.811124695085,0,0,0,11,0,0,0,0
16439.643194658755,0,0,0,17,0,0,0,0
25666.843740493674,0,1,0,8,0,0,0,0
2351.5128645942455,0,1,0,12,0,0,0,0
6861.932834083341,0,1,0,17,0,0,1,0
10857.703460119696,1,0,0,13,0,0,1,0
29789.009626908923,0,0,0,11,0,0,1,0
18253.34489841895,1,0,0,15,0,0,0,0
2131.6582062624166,9,1,1,0,1,1,8,1
6715.037023737313,0,0,0,13,0,0,0,0
20245.311270544284,1,0,0,14,0,0,1,0
18440.715211012917,1,0,0,14,0,0,1,0
1345.4018804417199,4,1,1,0,1,1,9,1
4349.2747744195185,5,1,1,3,1,1,3,1
11548.206103797087,0,0,0,15,0,0,0,0
3936.781522851991,8,1,1,23,1,1,8,1
26192.386658064057,1,1,0,10,0,0,1,0
67523.06857143284,4,1,1,4,1,1,3,1
27453.565004906653,0,0,0,17,0,0,0,0
3467.0159575416983,0,0,0,12,0,0,0,0
3463.843602746289,0,1,0,13,0,0,0,0
9068.160844962102,0,0,0,8,0,0,0,0
2036.141447296366,8,1,0,3,0,0,7,1
15048.773859747174,1,0,0,18,0,0,0,0
79569.82203411913,4,1,1,3,1,1,5,1
363862.46027971595,5,1,1,23,1,1,3,1
442136.4439718502,9,1,1,23,1,1,5,1
26081.8772401248,1,0,0,15,0,0,1,0
29283.377688146094,1,1,0,11,0,0,0,0
3485.979204030614,1,0,0,14,0,0,0,0
4198.9747965548195,0,0,0,12,0,0,1,0
903.3428559435654,1,0,0,11,0,0,1,0
13344.23522136319,1,0,0,15,0,0,0,0
2821.927578118715,4,1,1,0,1,1,5,1
1600.2429745672225,1,0,0,8,0,0,0,0
20009.14720986669,0,0,0,18,0,0,0,0
8384.370566430649,0,0,0,17,0,0,1,0
26460.896940344777,1,0,0,13,0,0,0,0
1094.712337963817,1,0,0,13,0,0,1,0
17485.473043065864,0,1,0,18,0,0,1,0
27375.006380350547,0,0,0,14,0,0,0,0
387482.4617191596,8,1,1,4,1,1,5,1
1528.6628039740206,1,0,0,14,0,0,0,0
4125.016759048707,6,1,1,1,1,1,6,1
16703.34517731262,1,0,0,8,0,0,0,0
4841.144702449213,4,1,1,2,1,1,4,1
2251.7610519940704,5,1,1,0,1,1,3,1
177.52334965135395,6,1,1,3,1,1,9,1
5518.644275386316,0,0,0,9,0,0,0,0
6184.982139123405,1,1,0,10,0,0,1,0
289627.2973831254,7,1,0,4,1,1,3,1
29980.573984118786,1,0,0,14,0,0,1,0
7389.6779375343685,0,0,0,14,0,0,0,0
3384.8887459366197,5,1,0,2,0,1,9,1
23494.531785162355,0,0,0,17,0,0,1,0
116354.48956530108,3,1,0,3,0,1,9,1
7238.67795547212,1,0,0,17,0,0,0,0
2833.517555332431,1,0,0,11,0,0,0,0
2402.7281185556203,7,1,1,3,0,1,3,1
164589.04000303897,3,1,1,22,1,1,3,1
25046.311392907017,0,0,0,8,0,0,1,0
2714.650403816575,1,0,0,8,0,0,0,0
2114.5684585055797,0,0,0,14,0,0,0,0
24250.300834417303,0,0,0,19,0,0,0,0
16955.739333217443,1,1,0,17,0,0,0,0
26255.505270364403,0,0,0,14,0,0,1,0
6895.105501433903,0,0,0,12,0,0,1,0
13214.481934595346,0,0,0,17,0,0,0,0
1760.1984809936016,0,0,0,8,0,0,0,0
252878.26629248806,4,1,1,22,1,1,8,1
25264.302246758678,1,0,0,18,0,0,1,0
1921.5225450410185,5,1,1,4,1,1,3,1
4045.763056756456,0,0,0,15,0,0,1,0
10187.036442882662,0,0,0,9,0,0,1,0
10695.877771285446,0,0,0,18,0,0,0,0
11897.078765513057,0,0,0,8,0,0,1,0
117.87837116037973,0,1,0,8,0,0,1,0
459652.6855867884,3,1,1,3,1,1,7,1
10830.173860716377,0,1,0,9,0,0,0,0
7313.205647537033,1,0,0,16,0,0,1,0
26150.423659219712,1,0,0,18,0,0,0,0
8415.553809858722,1,0,0,15,0,0,0,0
375408.0001188755,8,1,0,3,1,0,9,1
20104.700107976743,0,0,0,10,0,0,0,0
436973.3230909375,9,1,0,0,1,1,3,1
20831.988401713686,1,0,0,18,0,0,0,0
17851.170135271124,0,0,0,11,0,0,0,0
3466.3944058658894,7,1,1,2,1,1,9,1
3755.275175188719,8,1,1,2,1,0,5,1
23899.356179058166,0,0,0,19,0,0,1,0
19714.440504127968,0,0,0,14,0,0,0,0
26160.417897585958,0,1,0,16,0,0,0,0
4008.447975333743,1,1,0,17,0,0,0,0
311730.45022284414,7,1,1,1,1,0,9,1
28295.185243726955,1,1,0,17,0,0,1,0
2274.8142271381753,0,1,0,19,0,0,0,0
8510.40845023572,1,0,0,16,0,0,0,0
234457.79045844002,9,1,1,4,1,1,4,1
15651.450893621595,0,1,0,17,0,0,1,0
1285.279758468311,3,1,1,0,1,0,3,1
226845.85905103764,7,1,0,0,1,1,9,1
16045.92003751635,0,0,0,10,0,0,1,0
473.5721680704659,8,1,1,1,1,0,9,1
25189.080994108386,1,0,0,11,0,0,0,0
26478.828922520875,1,0,0,18,0,0,0,0
1203.5961411155997,6,1,1,3,1,1,8,1
25549.406989236853,0,1,0,12,0,0,0,0
3887.315261192964,6,1,1,2,1,0,9,1
3229.811519012447,0,0,0,10,0,0,0,0
396935.46001237247,9,1,1,1,1,1,9,1
29264.76999377388,1,0,0,19,0,0,0,0
18081.383713588046,1,0,0,15,0,0,0,0
445938.3249498446,7,1,1,22,1,0,8,1
10910.087822745752,0,1,0,12,0,0,0,0
435063.3865307989,6,1,1,3,1,0,7,1
22748.18691897646,1,0,0,14,0,0,1,0
91169.9853421523,5,1,0,0,0,1,4,1
136004.2281544917,9,1,1,0,1,1,4,1
23259.70528691351,1,0,0,19,0,0,0,0
209.32370920501336,1,0,0,16,0,0,0,0
252556.0624085083,9,1,0,2,1,1,3,1
2868.9180310185056,7,1,1,0,1,1,6,1
13440.496090599625,1,0,0,8,0,0,0,0
2172.3024138450155,0,0,0,13,0,0,0,0
228559.1843919953,3,1,1,0,1,0,5,1
17211.286054805834,0,1,0,12,0,0,1,0
2068.3123165582983,1,0,0,14,0,0,0,0
22711.384335504776,1,0,0,18,0,0,1,0
17180.68805111921,0,0,0,10,0,0,1,0
20338.481047244535,1,0,0,17,0,0,0,0
13879.975184562594,1,0,0,14,0,0,1,0
26191.513976028302,1,1,0,16,0,0,1,0
17832.380080023995,0,0,0,9,0,0,0,0
2807.7280812675226,0,0,0,8,0,0,1,0
7283.326052082687,0,0,0,9,0,0,1,0
22326.25157754337,0,1,0,13,0,0,0,0
7278.115140578238,1,0,0,11,0,0,0,0
20192.08652401883,1,0,0,19,0,0,0,0
831.265111955863,6,1,1,3,1,1,7,1
222891.43991881757,6,1,1,22,1,1,4,1
9550.722746913596,0,1,0,10,0,0,0,0
23424.512309675447,0,0,0,16,0,0,0,0
3246.0647016212747,1,0,0,18,0,0,0,0
10039.558096013518,1,0,0,19,0,0,0,0
7181.7991708367335,1,0,0,16,0,0,1,0
29320.669983736774,1,0,0,10,0,0,0,0
18614.20908703543,1,0,0,16,0,0,1,0
275181.01516844484,4,1,1,2,1,0,3,1
23540.758330117125,0,0,0,16,0,0,1,0
16909.445450829302,1,1,0,14,0,0,1,0
134611.94255220264,3,1,1,22,1,1,6,1
2279.6637109624844,1,0,0,16,0,0,0,0
409901.69315971434,3,1,1,1,1,1,8,1
261582.69653090657,9,1,1,2,1,0,5,1
2490.2680239628157,5,1,0,22,1,1,9,1
3152.163331513101,8,1,0,3,1,1,6,1
6144.267036835596,1,0,0,15,0,0,0,0
3341.17114422702,0,0,0,9,0,0,0,0
1624.9657258106286,7,1,1,3,1,1,9,1
19795.65739793796,1,0,0,14,0,0,1,0
24044.000370557886,0,0,0,8,0,0,1,0
18055.989569371803,1,0,0,10,0,0,0,0
13126.594777056482,0,1,0,15,0,0,0,0
10432.82961753731,0,0,0,17,0,0,0,0
21439.817134433546,0,0,0,9,0,0,0,0
290.75682029577047,3,1,0,1,1,1,6,1
483527.53200166347,7,1,0,3,1,1,7,1
2834.1056200349353,3,1,0,2,1,1,6,1
1312.0056985416686,3,1,0,2,1,1,3,1
419867.1642463324,6,1,1,23,0,1,8,1
14840.183042696863,0,1,0,8,0,0,0,0
7702.348913569023,1,1,0,15,0,0,1,0
495148.0000632336,5,1,0,2,1,1,5,1
27624.022964566386,1,0,0,10,0,0,1,0
474284.1638975209,8,1,1,1,1,1,8,1
13137.804526145514,0,0,0,11,0,0,1,0
3585.833929215332,0,0,0,18,0,0,1,0
490055.3230387531,7,1,0,4,1,0,5,1
19887.15420090199,0,0,0,11,0,0,1,0
223162.24294587923,3,1,1,4,1,1,4,1
449.15796604976714,3,1,1,4,1,1,6,1
2136.4598392333237,1,1,0,13,0,0,1,0
2164.98029790324,3,1,1,3,1,1,5,1
25215.933042069868,1,0,0,14,0,0,1,0
421031.49658952834,4,1,1,1,1,1,4,1
4779.796506276446,7,1,0,2,0,1,9,1
24100.65241954705,1,0,0,15,0,0,1,0
1634.4937746046835,8,1,1,2,1,1,8,1
6407.999729536517,1,0,0,13,0,0,1,0
24647.33241724431,1,0,0,10,0,0,1,0
29055.732001962195,1,1,0,9,0,0,0,0
893.8680016687646,5,1,1,2,1,1,4,1
1804.3713878028261,0,0,0,13,0,0,1,0
22578.765091249297,1,0,0,10,0,0,0,0
10946.332651934646,1,0,0,9,0,0,1,0
24748.07837275555,1,0,0,14,0,0,1,0
1312.7993583880186,6,1,0,3,1,1,5,1
9850.624790125947,0,1,0,9,0,0,1,0
266918.994109379,7,1,1,0,1,0,8,1
23242.453110090868,1,0,0,18,0,0,1,0
19656.91883337685,0,0,0,10,0,0,1,0
11545.244602050912,0,0,0,11,0,0,0,0
131846.85609953076,5,1,1,1,1,1,7,1
27100.53341743507,1,1,0,18,0,0,0,0
12985.145961897973,0,1,0,11,0,0,0,0
27983.74459030823,1,0,0,14,0,0,1,0
4850.120379442908,5,1,1,23,1,1,6,1
2904.2330989371076,3,1,0,4,1,1,5,1
16579.682861299523,1,1,0,8,0,0,1,0
6565.890792777214,0,1,0,18,0,0,0,0
3390.636373703883,8,1,1,23,1,1,6,1
4329.378757746119,6,1,1,23,1,1,8,1
9261.821935595988,0,0,0,12,0,0,1,0
10087.961897756792,1,1,0,15,0,0,0,0
24989.273783966557,0,0,0,14,0,0,1,0
29483.91227322054,1,0,0,12,0,0,1,0
7099.669682622153,1,0,0,17,0,0,1,0
402.4215066589907,0,0,0,17,0,0,1,0
79411.28800318326,6,1,1,0,1,1,7,1
2225.6225100483816,4,1,1,0,1,1,6,1
16432.803243912444,1,0,0,17,0,0,0,0
28572.694034547832,0,1,0,13,0,0,0,0
294213.69472512865,7,1,0,23,1,1,9,1
24724.21157569339,0,0,0,10,0,0,0,0
17429.94214963895,1,0,0,17,0,0,1,0
158066.2883045681,9,1,0,23,1,1,6,1
28896.514513844293,1,0,0,15,0,0,1,0
19956.61006732194,1,1,0,14,0,0,1,0
436444.06694298313,9,1,1,4,1,1,8,1
12312.82188411363,1,0,0,13,0,0,1,0
456484.20317105536,7,1,1,4,1,1,9,1
11582.170311552249,0,0,0,10,0,0,1,0
582.1269265292252,0,0,0,18,0,0,0,0
23786.516724570116,0,1,0,11,0,0,1,0
6609.9744740871765,1,1,0,13,0,0,1,0
4754.019575130428,7,1,1,1,0,1,5,1
29872.460116334558,0,0,0,10,0,0,0,0
25669.443814647035,0,0,0,8,0,0,0,0
5287.531905615158,0,0,0,17,0,0,1,0
293633.88189880596,7,1,1,22,1,1,5,1
8022.515140507747,1,0,0,11,0,0,0,0
4146.502077767337,5,1,1,23,1,1,8,1
175.43496928741155,9,1,1,3,1,1,3,1
147084.0898887252,7,1,1,23,1,1,8,1
774.6788999898823,1,0,0,9,0,0,0,0
1520.8535828236843,9,1,0,2,1,1,9,1
12863.064030973177,1,0,0,15,0,0,1,0
3274.093741456676,5,1,1,1,0,1,6,1
332377.8309428033,3,1,1,0,1,1,3,1
6023.055949936658,1,0,0,12,0,0,0,0
26344.707205392482,0,0,0,13,0,0,0,0
17015.686579519952,1,0,0,9,0,0,0,0
16576.42350351848,1,0,0,17,0,0,0,0
27926.210042923598,0,0,0,18,0,0,1,0
1407.2269699488966,4,1,1,23,1,1,5,1
11169.942351968844,0,0,0,10,0,0,0,0
3710.3244133107355,1,1,0,14,0,0,1,0
491530.0453651958,7,1,1,1,1,1,4,1
4323.186570994065,1,1,0,16,0,0,0,0
26828.611969032714,1,0,0,19,0,0,0,0
3841.668391382828,3,1,1,2,1,1,3,1
128678.20742855838,8,1,0,4,1,1,6,1
11209.240688464244,0,0,0,17,0,0,1,0
18997.374331830848,0,0,0,17,0,0,0,0
8121.787292790403,1,0,0,18,0,0,1,0
28529.4779315013,0,1,0,19,0,0,0,0
7087.344419878372,0,0,0,16,0,0,1,0
62953.17555832623,8,1,1,2,1,1,4,1
492980.9969144178,4,1,1,2,1,1,4,1
12382.585418988392,0,0,0,11,0,0,1,0
258033.54015471225,9,1,1,23,1,1,4,1
8328.187332026922,1,0,0,14,0,0,1,0
3569.555631200623,7,1,1,3,1,0,6,1
23460.590357430196,0,0,0,18,0,0,1,0
4278.367297390985,5,1,1,4,1,1,7,1
439874.06502658967,9,1,0,0,1,1,8,1
24962.398160055483,0,0,0,12,0,0,0,0
26088.32823635231,1,0,0,12,0,0,0,0
28081.201388744405,0,0,0,11,0,0,1,0
13420.98265334552,1,0,0,19,0,0,1,0
19509.703548443096,0,0,0,17,0,0,1,0
29052.976106967726,1,0,0,19,0,0,0,0
27396.63704276323,1,1,0,11,0,0,1,0
2783.809066748698,0,1,0,16,0,0,1,0
6034.883130699938,0,0,0,15,0,0,1,0
391220.52315793454,7,1,1,2,1,1,4,1
12349.218791846322,0,0,0,15,0,0,1,0
129438.43787444671,4,1,1,22,1,1,9,1
479597.05885495833,9,1,0,4,1,0,7,1
8561.718999329423,1,0,0,19,0,0,0,0
21566.187459109045,0,0,0,19,0,0,1,0
4969.857105608521,4,1,1,0,1,1,9,1
1847.987059896008,7,1,1,3,1,1,8,1
12982.662433929894,1,0,0,18,0,0,0,0
3785.0989981632883,0,0,0,8,0,0,0,0
442.0232076116817,5,1,1,23,1,0,6,1
486419.50046430004,4,1,0,22,1,1,6,1
14042.352446900582,0,0,0,14,0,0,1,0
25857.226012037594,0,0,0,17,0,0,1,0
8030.332822829971,1,1,0,18,0,0,1,0
3305.949586833775,0,0,0,18,0,0,0,0
13339.66428265775,0,0,0,15,0,0,0,0
20315.181721520847,0,0,0,9,0,0,0,0
10127.611025902126,1,1,0,10,0,0,1,0
3373.7800793784186,0,1,0,8,0,0,0,0
164220.23134943453,5,1,1,4,1,1,9,1
12491.578004353109,1,0,0,19,0,0,1,0
21246.127017229155,1,1,0,14,0,0,1,0
2303.7952535118516,8,1,1,23,1,0,9,1
1989.1745961207723,1,0,0,18,0,0,0,0
2975.5214783023075,3,1,1,1,1,1,4,1
20217.494067886717,1,0,0,15,0,0,0,0
648.4061350488666,8,1,0,23,1,0,3,1
1676.0227166178258,0,1,0,13,0,0,1,0
21154.849130221228,0,0,0,16,0,0,1,0
23838.488637212948,1,1,0,8,0,0,1,0
4421.761631636015,4,1,1,0,1,1,9,1
3315.0566883008455,5,1,1,2,1,1,4,1
27486.455379083494,0,0,0,15,0,0,1,0
12945.723630515638,1,1,0,14,0,0,0,0
4941.5212765985925,9,1,1,0,1,1,5,1
7039.149478198335,1,0,0,17,0,0,0,0
17005.936598600885,0,0,0,19,0,0,1,0
10403.438212236455,1,0,0,16,0,0,0,0
21415.18284340762,1,0,0,8,0,0,0,0
16832.543983777243,0,1,0,17,0,0,0,0
24899.923225975996,0,1,0,14,0,0,0,0
11563.574517641942,0,1,0,17,0,0,0,0
1700.0824410999944,1,0,0,13,0,0,1,0
4016.114915525805,1,0,0,9,0,0,0,0
2151.9755719711584,8,1,1,1,1,1,5,1
4582.1824632868675,4,1,1,1,1,1,7,1
28070.986954472122,1,1,0,9,0,0,1,0
2322.537099621887,8,1,1,22,1,1,8,1
460563.59316416533,4,1,1,23,1,1,6,1
1986.8804365548324,0,0,0,15,0,0,0,0
23442.394033167082,1,0,0,13,0,0,1,0
15110.045112401547,1,0,0,18,0,0,1,0
7177.787644761606,0,0,0,11,0,0,1,0
16173.780308207719,0,0,0,16,0,0,0,0
16416.309467509473,1,0,0,8,0,0,1,0
125129.72298315067,7,1,1,3,1,1,3,1
2187.7477903678755,7,1,1,22,1,1,3,1
8821.634176575422,1,0,0,12,0,0,1,0
14653.856345734235,1,0,0,19,0,0,0,0
172115.4122265912,9,1,1,22,1,0,8,1
375990.47825368005,3,1,1,3,1,1,5,1
71953.56296934621,6,1,0,3,0,1,7,1
12262.535082302957,0,0,0,10,0,0,0,0
18903.299619946447,0,1,0,9,0,0,0,0
25982.786587544684,0,1,0,18,0,0,0,0
1741.037511819722,6,1,1,4,1,1,5,1
2830.6394565733563,0,0,0,18,0,0,1,0
22750.696954687803,1,1,0,14,0,0,1,0
166542.93423816454,9,1,1,2,1,1,9,1
4239.468237801505,6,1,0,3,0,0,4,1
13319.00033692363,0,0,0,11,0,0,0,0
23945.669954364927,1,0,0,9,0,0,0,0
454349.4862829971,8,1,1,0,0,0,4,1
20243.68183291048,0,0,0,11,0,0,0,0
4468.287309685475,1,1,0,18,0,0,1,0
28420.12774071741,0,0,0,13,0,0,1,0
8640.217058011069,1,0,0,18,0,0,1,0
11443.03138630518,0,0,0,13,0,0,0,0
594.6118798898553,4,1,0,23,1,1,8,1
4585.892658181405,9,1,1,0,1,0,5,1
20235.249894451837,0,0,0,19,0,0,0,0
16335.644164897552,1,0,0,18,0,0,0,0
3855.9068333714545,0,0,0,19,0,0,1,0
126272.56651599493,8,1,1,22,0,1,8,1
9450.127524729596,1,0,0,9,0,0,0,0
4121.133431145381,5,1,1,1,1,1,6,1
11046.782226069661,0,1,0,10,0,0,1,0
3641.2640927213192,4,1,0,22,1,1,3,1
463291.9760390017,4,1,1,1,1,1,7,1
7913.857234772975,0,0,0,19,0,0,0,0
412965.3974574823,3,1,0,4,1,1,5,1
1811.3771361526003,1,0,0,11,0,0,1,0
3709.0226188404836,7,1,1,22,1,1,7,1
8261.204842471487,0,1,0,16,0,0,0,0
8339.446611644436,0,0,0,16,0,0,1,0
3870.515372640491,4,1,1,2,1,1,6,1
17112.59750969327,0,1,0,8,0,0,0,0
24807.590247410582,1,0,0,9,0,0,0,0
106.78844272584057,1,0,0,13,0,0,1,0
25880.12155732595,1,0,0,15,0,0,0,0
11568.664991118034,1,0,0,17,0,0,1,0
16721.76931052218,1,1,0,17,0,0,0,0
27541.40230958374,1,0,0,12,0,0,1,0
20112.5309492687,0,0,0,9,0,0,0,0
28022.59169110284,0,1,0,8,0,0,1,0
8329.651513006547,0,0,0,15,0,0,0,0
1441.3306730687386,0,0,0,9,0,0,0,0
369194.66349184583,8,1,1,2,1,1,3,1
19966.271219121067,0,0,0,9,0,0,1,0
3694.71046475087,7,1,0,1,1,1,8,1
315633.13383672095,7,1,1,22,1,1,5,1
251.85650797424356,0,1,0,16,0,0,0,0
1512.0238071931692,0,0,0,11,0,0,1,0
24856.49625871732,1,0,0,17,0,0,0,0
20383.917376540092,1,1,0,9,0,0,1,0
10026.74899770918,0,0,0,19,0,0,0,0
18820.3332494127,1,0,0,12,0,0,0,0
536.8090135555975,0,1,0,11,0,0,0,0
12609.847048012172,1,1,0,9,0,0,0,0
14281.829079566065,0,0,0,8,0,0,1,0
659.0693459508735,7,1,1,1,0,1,3,1
15794.509603102564,1,0,0,18,0,0,1,0
2172.2047299605865,0,1,0,14,0,0,0,0
17694.094089558224,1,0,0,17,0,0,1,0
10855.62387111706,0,0,0,18,0,0,1,0
2622.689803511301,1,0,0,16,0,0,0,0
27796.61747994376,1,0,0,9,0,0,1,0
18551.467738416824,1,0,0,15,0,0,1,0
27241.28945200763,1,0,0,17,0,0,1,0
27470.94442385443,1,0,0,13,0,0,1,0
4737.636914436986,7,1,1,3,1,1,4,1
4993.902345518863,0,0,0,17,0,0,0,0
13908.013798704358,1,0,0,11,0,0,1,0
12394.80491758812,1,1,0,9,0,0,1,0
69054.98310529396,7,1,1,1,0,1,9,1
323400.2424768855,7,1,1,0,1,0,8,1
13542.542252315843,0,0,0,9,0,0,0,0
92713.97665181455,7,1,1,4,1,1,5,1
4508.872131041433,1,0,0,12,0,0,0,0
380847.5184422282,8,1,1,23,1,1,3,1
26002.14383586722,0,0,0,19,0,0,0,0
3825.4201332984617,9,1,1,4,0,1,7,1
654.0838844705652,1,0,0,19,0,0,0,0
4208.609985830822,9,1,1,2,1,1,5,1
20204.455402681262,0,0,0,10,0,0,1,0
2805.1398868015517,9,1,1,0,1,1,8,1
794.6945282827991,5,1,1,1,1,1,9,1
2363.8284378562503,5,1,0,4,1,0,3,1
1590.7869905017349,7,1,1,0,1,1,6,1
15029.158085828325,0,0,0,11,0,0,0,0
26750.286674633026,0,0,0,17,0,0,0,0
14508.814996588324,0,0,0,19,0,0,0,0
28419.872786590007,1,0,0,19,0,0,1,0
2085.490225228944,4,1,1,4,1,1,5,1
22107.45847273936,1,0,0,9,0,0,0,0
23407.5493725795,1,0,0,19,0,0,0,0
324682.4897489139,9,1,1,22,1,1,6,1
9117.44740921919,1,0,0,13,0,0,1,0
2512.0260449962034,0,1,0,15,0,0,1,0
327138.8188188489,5,1,1,22,0,0,4,1
164888.6808212696,4,1,1,22,1,1,9,1
5564.259863024334,1,0,0,13,0,0,0,0
17477.743169256602,0,0,0,18,0,0,1,0
1428.3716434439223,4,1,1,0,1,1,7,1
5237.700864693988,1,0,0,9,0,0,1,0
3647.95237278871,0,1,0,18,0,0,0,0
27570.54441364712,0,0,0,18,0,0,1,0
4370.440903557789,1,1,0,17,0,0,0,0
474072.6119175706,7,1,1,4,1,1,6,1
319.8560321773667,1,0,0,15,0,0,1,0
184124.19583554077,5,1,1,1,1,1,9,1
22520.811945519235,0,0,0,17,0,0,0,0
21093.0128780024,0,1,0,11,0,0,0,0
19664.959143620443,0,0,0,19,0,0,1,0
28356.219530959006,0,0,0,14,0,0,0,0
13457.121414208952,1,0,0,11,0,0,1,0
27642.76582716702,0,0,0,8,0,0,0,0
3507.536676807461,8,1,1,4,1,1,7,1
1965.0541380352424,4,1,1,22,1,1,8,1
144389.61670470893,7,1,1,0,1,1,5,1
19032.04237938359,1,0,0,13,0,0,1,0
21998.41455326689,1,0,0,16,0,0,0,0
1682.784473507666,0,0,0,17,0,0,0,0
29621.351141528423,1,0,0,13,0,0,1,0
12130.954216601784,0,0,0,11,0,0,0,0
28370.296330729056,1,0,0,10,0,0,1,0
2651.7638949876423,6,1,0,1,1,1,9,1
10553.470524350892,0,1,0,17,0,0,0,0
26881.36909966123,1,0,0,19,0,0,0,0
22304.816091482546,0,1,0,13,0,0,1,0
7184.306414708794,0,1,0,15,0,0,0,0
117576.90019866792,9,1,1,4,0,1,3,1
2415.2174395319166,5,1,0,3,1,1,7,1
26266.029532285604,0,1,0,16,0,0,1,0
1059.5821122579232,3,1,1,1,1,1,7,1
142106.8443956687,5,1,1,22,1,0,6,1
8323.240697385154,0,0,0,12,0,0,1,0
18393.74750108632,0,1,0,9,0,0,0,0
19910.780740389673,0,0,0,9,0,0,0,0
218543.67894119426,7,1,1,1,1,0,7,1
17151.579468068576,1,0,0,15,0,0,0,0
9158.06051991351,0,0,0,14,0,0,0,0
13743.872934473775,0,1,0,15,0,0,1,0
19883.851062912752,1,0,0,15,0,0,1,0
283477.6068686753,9,1,0,0,1,1,4,1
21754.55317359728,1,0,0,14,0,0,0,0
4007.3875058739477,6,1,1,2,1,1,7,1
91682.37474763219,3,1,1,23,1,1,5,1
14764.427992404902,1,1,0,9,0,0,1,0
10761.111743188972,0,0,0,18,0,0,1,0
16916.638286125835,1,0,0,8,0,0,1,0
4982.038254373512,9,1,1,3,1,1,4,1
22074.282837107337,0,0,0,17,0,0,1,0
3128.8283782436897,9,1,0,1,1,1,5,1
416.62173123602213,6,1,1,0,1,1,6,1
14314.037075128923,1,0,0,16,0,0,1,0
21788.61084702224,0,0,0,13,0,0,1,0
28048.4244731002,0,0,0,9,0,0,1,0
19636.16660451255,1,0,0,9,0,0,1,0
980.4472334641856,8,1,1,23,1,0,3,1
10614.33118302297,1,0,0,19,0,0,0,0
22981.58867109701,1,0,0,8,0,0,1,0
25499.150057351504,0,1,0,10,0,0,1,0
29644.909871043597,1,0,0,14,0,0,0,0
12580.0095577824,1,0,0,13,0,0,1,0
214911.58659350238,3,1,1,3,1,1,8,1
24632.023589189517,0,1,0,18,0,0,1,0
447893.0243003202,9,1,1,1,1,1,3,1
3432.6464624069117,7,1,1,22,1,1,4,1
182859.51587853648,5,1,0,2,1,1,4,1
747.2022842748092,1,1,0,9,0,0,0,0
4097.5823124540275,7,1,1,23,0,1,7,1
11781.736759318368,0,1,0,9,0,0,1,0
18554.107390797304,1,0,0,10,0,0,1,0
213021.27692627892,8,1,1,3,1,1,6,1
14994.085312086469,1,0,0,11,0,0,1,0
27956.61156779467,0,1,0,15,0,0,0,0
3075.801596487089,6,1,1,0,1,1,7,1
322467.5956638129,4,1,1,1,1,0,9,1
24697.458307564775,0,1,0,12,0,0,0,0
3258.9453289230282,0,0,0,17,0,0,1,0
3077.4334348468647,0,0,0,9,0,0,0,0
14888.451877636388,0,0,0,18,0,0,0,0
254455.98603502175,5,1,1,1,1,1,5,1
142814.24497415483,5,1,1,0,1,1,8,1
21358.928762299354,1,0,0,11,0,0,1,0
29823.041473902707,1,0,0,14,0,0,1,0
4562.7737920551845,5,1,1,3,1,1,3,1
22836.686919305903,0,0,0,14,0,0,0,0
2074.602875949291,5,1,1,1,1,1,4,1
13984.072471476036,0,0,0,8,0,0,0,0
19455.529817755425,0,0,0,19,0,0,0,0
290999.6811420378,4,1,1,0,1,1,9,1
20398.73138194467,1,1,0,19,0,0,1,0
18157.2212655006,1,1,0,8,0,0,1,0
1398.7274987925198,9,1,0,3,1,1,3,1
3317.492261168593,3,1,0,4,1,0,5,1
20093.259458447,0,0,0,19,0,0,1,0
412788.34025582485,5,1,0,4,1,1,6,1
386094.3253854041,7,1,1,2,0,1,6,1
4622.80210543401,0,0,0,12,0,0,0,0
19498.08504616564,1,0,0,17,0,0,1,0
23229.226981760126,0,0,0,11,0,0,1,0
2933.5726908812526,5,1,1,23,1,1,4,1
1023.8489681713305,8,1,1,0,1,1,4,1
11679.504901602755,0,0,0,13,0,0,1,0
1795.0101927583019,3,1,1,22,1,0,5,1
2426.9440631804714,7,1,0,2,1,1,6,1
18806.958603875566,0,0,0,13,0,0,1,0
13138.507358557446,1,0,0,15,0,0,0,0
481.0501859868897,6,1,1,22,1,1,6,1
14193.857883794519,1,0,0,8,0,0,1,0
26836.04654263548,0,0,0,8,0,0,1,0
2619.2357847973417,1,0,0,18,0,0,1,0
4995.495840587212,1,0,0,9,0,0,1,0
3635.823098681258,7,1,0,0,1,1,5,1
13853.451923375214,0,0,0,18,0,0,0,0
27704.390034858334,1,0,0,19,0,0,1,0
7835.281602696172,0,0,0,18,0,0,0,0
16738.292656729776,0,1,0,12,0,0,1,0
25918.04885789311,0,0,0,11,0,0,0,0
2325.409711311618,1,1,0,11,0,0,1,0
17815.241517657734,1,1,0,13,0,0,0,0
9060.093646860576,1,0,0,15,0,0,1,0
17970.701832151426,1,0,0,15,0,0,1,0
313002.42494193197,6,1,1,22,1,0,5,1
6068.901349031534,0,0,0,16,0,0,0,0
918.9468562089842,6,1,1,23,1,1,6,1
26277.110646837307,0,1,0,14,0,0,0,0
375.26277900245117,6,1,1,0,1,1,4,1
673.3574518039363,4,1,0,23,1,1,8,1
601.0135043222341,0,1,0,8,0,0,0,0
21664.611578217606,0,0,0,9,0,0,0,0
5908.779772953862,0,0,0,13,0,0,1,0
17628.441413544773,1,0,0,8,0,0,0,0
28101.15060617575,1,1,0,9,0,0,1,0
2381.4433798049786,1,1,0,8,0,0,1,0
23504.095660116465,0,0,0,13,0,0,1,0
26698.340888081715,1,0,0,9,0,0,1,0
2982.1911080471136,7,1,1,4,1,1,6,1
26310.75342777516,1,0,0,12,0,0,0,0
10089.729097388241,0,0,0,8,0,0,1,0
24823.07097308532,1,0,0,8,0,0,0,0
19819.228851374683,0,0,0,18,0,0,0,0
6388.524832945231,1,0,0,17,0,0,1,0
180160.85814292257,7,1,1,4,1,1,4,1
7895.192346572281,1,0,0,14,0,0,0,0
1216.8822964555143,3,1,1,0,1,0,5,1
1701.0384559472,3,1,1,23,1,1,7,1
9418.422207974001,1,1,0,13,0,0,1,0
4238.0878204469245,0,1,0,16,0,0,1,0
331799.5185138153,6,1,1,3,1,1,8,1
26044.292727785247,0,0,0,13,0,0,1,0
397770.478184782,5,1,1,22,1,1,7,1
8138.821695834733,1,0,0,10,0,0,1,0
22588.218547639546,0,0,0,13,0,0,0,0
56165.33398546113,5,1,0,23,1,1,6,1
4489.491527122222,7,1,0,2,1,1,7,1
10709.472480740564,1,0,0,18,0,0,1,0
8806.774004399063,0,1,0,14,0,0,0,0
25134.16391344141,0,0,0,19,0,0,0,0
22511.412370210448,1,0,0,19,0,0,1,0
336741.0273622494,8,1,1,23,1,1,7,1
7729.9486403494975,0,1,0,11,0,0,0,0
2268.4172769389943,1,0,0,12,0,0,1,0
6680.651438454458,1,1,0,10,0,0,1,0
15310.308928066373,1,0,0,15,0,0,1,0
9404.722660339874,0,0,0,15,0,0,1,0
2593.03370768591,1,1,0,16,0,0,1,0
21482.23809252495,0,0,0,19,0,0,1,0
11543.602820401362,1,0,0,17,0,0,0,0
10388.339373698318,1,0,0,14,0,0,0,0
3901.443205385485,6,1,0,0,0,1,3,1
140.25350160125464,1,0,0,16,0,0,1,0
27687.089674146806,0,0,0,17,0,0,1,0
5086.251639293491,1,0,0,14,0,0,0,0
26027.849314933548,0,0,0,8,0,0,0,0
15420.545339889986,1,0,0,18,0,0,1,0
15467.26785605217,1,1,0,11,0,0,1,0
194351.70845721615,5,1,1,2,1,1,9,1
598.4793629290298,1,0,0,9,0,0,0,0
2653.534280297127,1,0,0,10,0,0,0,0
27152.513616235527,1,0,0,17,0,0,0,0
1827.752769051405,5,1,1,0,1,1,9,1
7250.362108492243,0,0,0,18,0,0,0,0
28408.005451693727,0,0,0,17,0,0,1,0
336368.79031573696,6,1,1,22,1,1,8,1
2134.315691340924,1,0,0,15,0,0,1,0
22210.130073837947,1,0,0,12,0,0,1,0
27356.14892916527,0,1,0,8,0,0,0,0
22397.438637072635,0,0,0,17,0,0,1,0
17155.243792968886,1,0,0,18,0,0,0,0
1787.4802870167427,3,1,1,4,1,1,9,1
28741.571063897885,1,0,0,18,0,0,1,0
3349.6079273032933,0,0,0,17,0,0,0,0
16382.204207174796,0,0,0,9,0,0,1,0
120640.80024460446,4,1,1,0,1,1,9,1
12008.588417762727,1,0,0,15,0,0,0,0
1918.0899386245533,6,1,0,0,1,1,4,1
393106.646124625,8,1,1,23,1,1,6,1
161402.6490661786,4,1,1,1,1,1,8,1
2809.7071177005964,4,1,1,23,1,1,4,1
909.7258967345264,0,0,0,9,0,0,1,0
6534.613944022464,1,0,0,10,0,0,1,0
7966.092894733304,1,1,0,16,0,0,1,0
948.6891625590744,7,1,1,1,1,1,6,1
15081.103085839643,1,0,0,16,0,0,0,0
12045.61165914935,0,1,0,15,0,0,0,0
97406.36267111545,4,1,1,22,1,1,9,1
2701.5794582539684,8,1,1,3,0,1,3,1
193850.7549314127,9,1,0,22,1,0,8,1
9676.9324006526,1,0,0,13,0,0,0,0
237835.5340059474,4,1,1,23,1,1,3,1
4944.771031581669,8,1,1,3,1,0,8,1
3124.797964374481,0,1,0,16,0,0,0,0
7694.144125949979,1,0,0,14,0,0,1,0
18576.15363940431,0,1,0,12,0,0,1,0
19495.620305385197,1,0,0,16,0,0,0,0
3924.575024694923,5,1,1,23,1,0,6,1
10453.35464188898,0,0,0,10,0,0,1,0
282486.63443606516,8,1,1,4,1,0,3,1
318.5150510275115,6,1,1,23,1,1,8,1
226468.65299912702,7,1,1,3,1,0,5,1
1583.2166596495342,0,0,0,19,0,0,0,0
19994.41973172524,1,1,0,14,0,0,0,0
3563.110158880149,0,0,0,14,0,0,1,0
3744.1971032633705,1,0,0,15,0,0,0,0
14275.65206768378,1,0,0,16,0,0,1,0
17354.21495224851,1,0,0,13,0,0,1,0
5042.538355525042,0,0,0,13,0,0,1,0
3030.429774944158,1,1,0,13,0,0,1,0
2535.27166544566,1,0,0,17,0,0,0,0
60473.3478091859,9,1,0,4,1,1,6,1
4401.65219366556,0,0,0,10,0,0,0,0
397680.4547294947,3,1,1,0,1,1,3,1
29424.75911422666,0,0,0,11,0,0,0,0
1504.4924338343799,1,0,0,19,0,0,1,0
81198.67934616376,5,1,1,4,1,1,5,1
8374.948545344127,0,0,0,14,0,0,1,0
16670.210765043255,0,0,0,13,0,0,0,0
7947.87049512581,1,0,0,13,0,0,0,0
1780.7957732503664,0,0,0,15,0,0,1,0
318549.79220634035,9,1,1,2,1,1,9,1
20194.370961110322,1,0,0,13,0,0,0,0
2018.2623399873594,8,1,0,2,1,1,5,1
23574.001351468734,1,0,0,15,0,0,1,0
29598.427774301865,0,0,0,9,0,0,0,0
10986.971972813933,1,1,0,9,0,0,1,0
13273.148487567989,0,0,0,14,0,0,0,0
446727.15632945905,8,1,1,22,1,1,5,1
28791.805213516094,0,0,0,14,0,0,0,0
17535.593551077545,1,1,0,14,0,0,0,0
18490.43243274856,1,0,0,11,0,0,1,0
126021.60944741097,8,1,0,0,1,1,8,1
28951.365184904596,0,0,0,12,0,0,0,0
335302.932389122,8,1,1,23,1,1,9,1
25280.744761846392,1,0,0,9,0,0,1,0
4463.583675625485,3,1,1,2,1,1,6,1
191007.24956539684,5,1,1,0,1,1,5,1
14181.406757298184,0,1,0,8,0,0,0,0
23873.797447549066,1,1,0,16,0,0,1,0
2423.6496616215727,6,1,1,1,1,1,8,1
21711.259558583482,0,0,0,15,0,0,1,0
1506.9759946144202,3,1,1,4,1,1,9,1
3216.746742276143,7,1,1,22,1,1,6,1
29785.680737291063,0,0,0,17,0,0,1,0
16836.36537387688,1,1,0,10,0,0,0,0
28852.312630680353,0,0,0,16,0,0,0,0
105352.35980239042,3,1,1,0,0,1,5,1
19848.04466879649,0,0,0,17,0,0,1,0
22595.136505705483,0,0,0,12,0,0,0,0
17165.768280676297,0,0,0,16,0,0,1,0
21064.212177002937,0,0,0,14,0,0,0,0
9012.179414983124,1,0,0,15,0,0,1,0
350245.8845250443,4,1,1,23,1,1,3,1
29601.95958734902,1,0,0,13,0,0,0,0
243469.55489448927,3,1,1,1,1,1,5,1
1099.3648158215624,1,0,0,10,0,0,1,0
65152.09652706451,3,1,1,23,1,1,8,1
12043.025143022547,0,0,0,16,0,0,0,0
9902.362145616018,0,1,0,11,0,0,1,0
15782.567169147396,1,0,0,17,0,0,0,0
26634.506553499385,1,0,0,13,0,0,1,0
2860.05030268428,8,1,0,23,1,1,6,1
1367.5728204197492,7,1,1,0,1,0,4,1
28776.61884424386,0,1,0,16,0,0,0,0
406741.3583496522,5,1,1,4,1,1,3,1
9599.07145666015,0,0,0,16,0,0,0,0
309432.8374649386,7,1,1,1,1,0,8,1
106350.12656201463,4,1,1,23,1,1,9,1
22765.408588235372,1,0,0,13,0,0,1,0
13788.367483520278,1,0,0,17,0,0,0,0
550.167349779219,9,1,1,23,1,1,5,1
414282.4241101204,5,1,0,3,1,1,7,1
316.39348727137315,3,1,1,23,1,1,7,1
366665.1971332933,9,1,1,2,1,1,3,1
23224.093328689265,0,0,0,15,0,0,0,0
4645.986187656544,3,1,0,1,1,1,3,1
701.6394834069137,1,0,0,18,0,0,1,0
20648.306869474418,1,0,0,8,0,0,0,0
830.060094253954,7,1,1,3,1,1,8,1
21903.407360175508,0,0,0,9,0,0,0,0
12546.919363476207,1,0,0,13,0,0,1,0
15261.764479401974,0,0,0,12,0,0,1,0
8131.108094146464,0,1,0,8,0,0,0,0
4837.727961404813,0,1,0,11,0,0,0,0
4275.689351560846,6,1,1,22,1,1,9,1
218.40229606306832,1,0,0,17,0,0,1,0
13078.061167497603,1,0,0,14,0,0,1,0
2711.8414495060856,6,1,1,3,1,1,7,1
5432.112221603668,1,0,0,18,0,0,1,0
1092.1547448096633,7,1,1,2,1,1,8,1
27285.14387257396,0,1,0,14,0,0,1,0
26044.922268872262,1,0,0,17,0,0,1,0
8915.035426568329,1,0,0,14,0,0,0,0
16982.73175109644,0,0,0,15,0,0,0,0
14457.487106330447,0,0,0,9,0,0,0,0
391183.49679943075,9,1,0,23,1,1,9,1
23067.03253358838,1,0,0,9,0,0,0,0
23547.764613521478,0,0,0,12,0,0,1,0
16397.994044510713,1,0,0,11,0,0,0,0
19874.369182322163,0,1,0,14,0,0,0,0
11450.54125710494,0,0,0,10,0,0,1,0
13803.875478168506,0,0,0,15,0,0,1,0
14763.214723646845,0,0,0,13,0,0,1,0
837.9797057695426,3,1,1,22,0,1,5,1
24575.937588155928,1,1,0,18,0,0,0,0
489195.906328607,3,1,1,3,1,1,4,1
5086.941321991858,1,0,0,19,0,0,0,0
22889.406584703054,0,0,0,15,0,0,1,0
181917.1854697257,4,1,0,23,1,0,5,1
4877.829098431198,8,1,1,0,1,1,4,1
17670.04689979175,1,0,0,16,0,0,1,0
646.4098403742544,7,1,1,4,1,1,8,1
1668.293179352819,5,1,1,3,0,0,7,1
24390.482653165913,1,0,0,11,0,0,0,0
121406.33448148452,5,1,1,1,1,1,8,1
27175.61125407414,1,0,0,17,0,0,0,0
401583.44141599064,4,1,1,22,1,1,9,1
13326.759339762322,1,0,0,8,0,0,0,0
15980.173940492075,0,1,0,9,0,0,0,0
4301.0644512532435,8,1,1,4,1,1,6,1
9644.836403807036,0,0,0,8,0,0,1,0
9850.571093499924,1,0,0,14,0,0,0,0
5022.153345771495,1,0,0,14,0,0,1,0
815.0181627722127,3,1,1,23,1,1,6,1
8665.56475856305,1,0,0,12,0,0,0,0
4319.121967566228,6,1,1,22,0,1,4,1
354192.34803158435,7,1,1,22,1,1,3,1
2416.740916392338,0,0,0,14,0,0,0,0
379804.78035468544,3,1,1,4,1,1,8,1
17275.65900057895,0,0,0,13,0,0,1,0
4701.607150343833,1,0,0,11,0,0,1,0
20443.49397149941,0,0,0,17,0,0,0,0
18020.855778760753,1,1,0,14,0,0,1,0
29522.54227694599,1,0,0,16,0,0,1,0
6362.72750833438,0,0,0,17,0,0,1,0
7091.003709482617,0,1,0,13,0,0,0,0
168204.7764937507,9,1,1,23,1,1,4,1
17640.055156681516,1,0,0,13,0,0,0,0
7692.739380518515,1,0,0,12,0,0,0,0
27984.806004358947,0,0,0,17,0,0,1,0
18349.853933762894,1,0,0,10,0,0,0,0
8797.217941524317,1,1,0,10,0,0,1,0
3050.6883100216264,1,0,0,17,0,0,1,0
14781.49090380041,0,0,0,17,0,0,1,0
18217.193242885995,1,0,0,11,0,0,1,0
2947.9431257887977,1,0,0,10,0,0,0,0
21637.96773806319,0,0,0,18,0,0,0,0
3284.8232608110493,8,1,1,3,1,0,4,1
28622.961853563906,1,0,0,17,0,0,1,0
10808.37752422142,0,0,0,12,0,0,0,0
726.8909301077376,9,1,1,3,1,1,8,1
466787.4046002335,7,1,1,3,1,1,5,1
689.0154226908236,9,1,0,4,1,1,9,1
309607.171177977,6,1,1,2,1,1,3,1
474936.69142738846,9,1,1,4,1,1,4,1
10584.216474568691,0,0,0,12,0,0,0,0
23763.15154015857,1,1,0,9,0,0,1,0
10622.700144880126,0,0,0,13,0,0,0,0
19533.567735160083,1,0,0,15,0,0,1,0
290.7333978570613,0,0,0,11,0,0,0,0
25310.031464389387,1,0,0,15,0,0,0,0
9161.66625913554,0,1,0,9,0,0,0,0
12951.954599638777,1,0,0,12,0,0,0,0
6615.470376735203,0,0,0,9,0,0,0,0
2713.5944809502766,8,1,0,2,1,0,6,1
3740.119318972901,5,1,1,2,1,1,7,1
7416.996351008658,0,0,0,17,0,0,1,0
1587.7572969048172,5,1,0,3,1,0,9,1
20113.773828798374,0,0,0,10,0,0,1,0
20945.271003281476,1,1,0,9,0,0,0,0
21070.7704532822,0,1,0,14,0,0,0,0
22055.868670594915,0,0,0,17,0,0,1,0
26102.525575883923,0,0,0,14,0,0,0,0
16615.747520735305,1,0,0,10,0,0,1,0
17182.856848660667,1,0,0,15,0,0,1,0
11084.982788042407,0,0,0,18,0,0,0,0
9538.487586805573,1,0,0,8,0,0,1,0
17539.95829445899,0,0,0,11,0,0,1,0
422018.4851763096,5,1,1,3,0,1,8,1
22077.281858242455,0,0,0,9,0,0,1,0
17636.702253019717,1,0,0,18,0,0,1,0
1238.7803879196465,1,0,0,17,0,0,1,0
416356.7443903372,6,1,1,3,1,1,4,1
20264.54958923805,1,0,0,14,0,0,0,0
15366.36464804084,1,0,0,11,0,0,1,0
3291.0415875033113,8,1,1,1,1,1,3,1
21850.826499455005,1,0,0,13,0,0,0,0
224851.7570135543,3,1,1,22,0,1,8,1
15892.85892651505,0,0,0,12,0,0,0,0
21558.517118025637,0,0,0,9,0,0,1,0
499256.38177931594,3,1,1,3,1,0,9,1
178479.66554455008,5,1,1,0,1,1,7,1
284375.8961773606,7,1,1,4,1,1,6,1
25800.73626784631,1,0,0,10,0,0,0,0
492905.540420996,4,1,1,1,1,1,4,1
3092.038207964,8,1,1,2,1,1,5,1
12383.41022746609,0,0,0,12,0,0,0,0
1410.2699365019523,8,1,1,23,1,1,8,1
8618.90625131783,1,0,0,13,0,0,1,0
307023.4632177638,3,1,1,2,1,1,5,1
6691.335526938026,1,0,0,19,0,0,0,0
4183.253650217761,6,1,1,23,1,1,8,1
161254.73625035526,8,1,1,0,1,0,3,1
2350.8336278850416,1,0,0,17,0,0,1,0
8221.832120103652,0,0,0,10,0,0,1,0
22021.495306290308,0,1,0,13,0,0,0,0
23059.50327264797,0,0,0,10,0,0,0,0
1801.657491249487,9,1,0,2,1,1,6,1
20200.29555009642,0,0,0,19,0,0,1,0
124870.74774193561,4,1,1,22,1,0,4,1
227812.5893312001,7,1,1,2,1,1,4,1
13400.696844281832,0,0,0,13,0,0,0,0
1271.8780111329909,6,1,1,23,1,1,3,1
14562.355612089137,1,0,0,15,0,0,1,0
12007.011039344548,1,1,0,14,0,0,0,0
22083.332691237723,0,1,0,15,0,0,0,0
965.435070626675,0,0,0,15,0,0,1,0
1766.651522264508,0,0,0,12,0,0,1,0
1240.5795681084908,9,1,1,3,1,1,5,1
485687.0743681969,7,1,1,23,1,1,9,1
4671.331826591393,4,1,1,23,1,1,9,1
5020.525147037114,1,1,0,9,0,0,0,0
6865.545657095267,1,1,0,8,0,0,0,0
26416.62651401674,0,0,0,9,0,0,1,0
1733.9667086204513,7,1,0,22,1,1,7,1
17392.956917184547,0,0,0,11,0,0,0,0
17020.069292542594,1,0,0,16,0,0,1,0
2067.3221477203124,4,1,1,1,1,1,5,1
26400.084751681683,1,0,0,16,0,0,0,0
413.6310983822425,9,1,1,2,1,1,8,1
642.5309072989468,3,1,0,22,1,1,3,1
2474.1626274360046,6,1,1,1,1,0,5,1
28814.966561201694,0,0,0,16,0,0,1,0
27870.026294044223,1,0,0,12,0,0,1,0
190355.2741028462,7,1,1,4,1,0,8,1
23553.72364906264,0,0,0,18,0,0,1,0
255.54445032764423,4,1,0,3,1,1,8,1
159112.4841651247,6,1,0,0,1,0,8,1
3726.9596403654705,1,1,0,8,0,0,1,0
20069.25041035432,0,0,0,18,0,0,0,0
2152.8441719186294,3,1,0,1,1,1,4,1
28051.179009269657,1,0,0,16,0,0,0,0
10932.575351006124,1,0,0,17,0,0,0,0
3531.234601278153,8,1,1,22,1,1,7,1
4029.230247372527,0,0,0,18,0,0,0,0
3473.9322810548438,1,1,0,13,0,0,1,0
8276.888009711896,1,0,0,14,0,0,1,0
24684.620566052618,0,0,0,8,0,0,1,0
23761.75128177429,0,0,0,9,0,0,1,0
3331.602766339774,3,1,1,22,1,1,5,1
17850.09269471009,0,0,0,14,0,0,1,0
3412.6560602150967,6,1,1,3,1,0,5,1
213922.0732017729,5,1,0,0,1,1,8,1
485165.9068299905,7,1,1,22,1,1,8,1
28009.0524980013,0,0,0,17,0,0,0,0
248.8965925145006,3,1,1,0,1,1,8,1
12632.171615817444,0,0,0,16,0,0,1,0
8307.74953786164,0,0,0,9,0,0,1,0
25764.079910249653,1,0,0,17,0,0,1,0
18978.122248842705,0,0,0,11,0,0,1,0
24763.127647864396,0,0,0,18,0,0,1,0
6006.9215797865,1,0,0,11,0,0,0,0
1180.3933299766213,7,1,1,0,1,1,4,1
4331.842964353418,9,1,1,3,1,1,9,1
10949.687928153593,0,1,0,8,0,0,0,0
1813.5782693135557,1,0,0,17,0,0,0,0
2164.20441365011,0,0,0,11,0,0,1,0
13652.697076575138,0,0,0,8,0,0,0,0
10429.877526331027,0,0,0,11,0,0,0,0
404868.9564538276,7,1,1,23,1,1,4,1
15323.823170321819,0,0,0,15,0,0,0,0
28433.947389767945,0,0,0,19,0,0,0,0
21920.13829605307,1,1,0,13,0,0,1,0
6447.34068589088,1,0,0,17,0,0,1,0
27981.868197611737,0,0,0,13,0,0,0,0
23329.123071325692,1,0,0,14,0,0,1,0
6723.366436181863,1,0,0,19,0,0,1,0
628.3343393834731,0,0,0,12,0,0,0,0
5079.501553568373,1,0,0,14,0,0,0,0
16090.504041807655,0,0,0,16,0,0,1,0
22757.519155217222,1,0,0,19,0,0,1,0
12615.610337391525,1,0,0,10,0,0,1,0
1779.002091792485,6,1,0,22,1,1,4,1
58076.53741014276,8,1,0,22,1,1,4,1
7188.832784668469,0,0,0,15,0,0,1,0
1664.7524332898188,1,1,0,9,0,0,0,0
3870.6932361908875,1,0,0,16,0,0,0,0
4625.99802077192,0,1,0,19,0,0,0,0
12295.899294367673,1,0,0,12,0,0,1,0
19868.106285018024,1,0,0,12,0,0,1,0
119858.9554285747,9,1,1,1,1,1,6,1
1305.982178939714,0,0,0,8,0,0,0,0
14841.600742248189,1,0,0,15,0,0,0,0
25433.35535788544,0,0,0,11,0,0,1,0
4510.091345055715,5,1,1,3,1,1,4,1
3516.649553363899,3,1,1,22,1,1,5,1
28938.19792821324,0,0,0,12,0,0,0,0
398.080118562103,1,0,0,11,0,0,1,0
13336.541688826332,0,0,0,14,0,0,0,0
12881.249192184003,1,0,0,12,0,0,0,0
4164.03385780835,5,1,1,22,1,0,6,1
3168.2632408063773,7,1,1,22,1,1,8,1
86777.32386070446,4,1,0,1,1,1,4,1
21125.67356478706,0,0,0,8,0,0,1,0
25532.34789946732,1,0,0,17,0,0,1,0
78414.06867703317,6,1,1,23,1,0,7,1
18350.287110017995,0,0,0,13,0,0,1,0
7571.639432283914,0,0,0,15,0,0,0,0
362935.3099868683,3,1,1,23,1,1,8,1
4483.588180764094,0,0,0,16,0,0,1,0
359660.9296042379,3,1,1,1,1,1,6,1
7395.45954033892,0,0,0,9,0,0,0,0
12532.975183750488,1,0,0,14,0,0,1,0
17534.86214266895,1,0,0,11,0,0,1,0
12368.081283992597,0,0,0,12,0,0,1,0
17928.131399457794,0,1,0,14,0,0,1,0
6350.875273834696,0,1,0,13,0,0,0,0
21878.288544755414,0,1,0,15,0,0,1,0
11689.976293553535,1,1,0,12,0,0,1,0
3187.195404551913,4,1,1,0,1,1,9,1
6135.070877376367,1,1,0,16,0,0,0,0
10329.764743345659,1,0,0,12,0,0,0,0
3836.20132591214,0,0,0,8,0,0,1,0
3373.52274546292,0,0,0,19,0,0,0,0
23187.34562571356,0,0,0,8,0,0,0,0
15469.298759307641,1,0,0,16,0,0,0,0
402644.07208050165,4,1,1,4,1,1,3,1
12359.711223578115,1,0,0,13,0,0,0,0
7068.877075535965,0,0,0,16,0,0,1,0
22370.2697583444,0,0,0,17,0,0,1,0
162508.15213079788,8,1,1,3,1,1,3,1
24670.397267863173,0,0,0,16,0,0,0,0
2025.5737041919272,9,1,1,3,1,0,3,1
1227.043302709745,7,1,0,4,1,1,9,1
61408.809186212464,9,1,1,4,0,1,9,1
18523.87065985666,1,0,0,9,0,0,0,0
2872.1728432270697,1,0,0,17,0,0,0,0
205645.51145457508,4,1,1,3,0,1,5,1
1703.680266472842,0,1,0,13,0,0,0,0
24457.289175174923,0,0,0,18,0,0,0,0
16164.542642674338,0,0,0,19,0,0,0,0
1175.8142238260295,5,1,1,23,1,1,5,1
27140.35727231633,0,0,0,18,0,0,1,0
1174.3124473605924,1,0,0,18,0,0,1,0
1456.8319881512637,8,1,0,0,0,1,6,1
18749.93741001911,0,1,0,12,0,0,0,0
283.00612487115063,9,1,1,3,1,1,6,1
2663.1151504507447,5,1,1,3,1,1,6,1
19738.775409544625,1,0,0,9,0,0,1,0
3192.736165187861,9,1,1,2,1,1,8,1
363393.71673644125,7,1,1,2,1,1,7,1
17222.02130815598,1,0,0,11,0,0,0,0
12429.757969512964,1,0,0,8,0,0,0,0
69755.93028940966,6,1,1,3,1,1,7,1
171047.76300238952,7,1,0,4,0,1,8,1
20448.94855668538,1,0,0,10,0,0,0,0
3202.6291674659738,3,1,1,3,1,1,6,1
2020.1056524044866,8,1,0,3,1,1,5,1
28598.29142038472,1,0,0,13,0,0,1,0
4391.98820271866,1,0,0,19,0,0,1,0
2484.677812981044,9,1,1,22,1,1,4,1
26023.647046626953,0,0,0,8,0,0,0,0
2883.9039796008633,0,1,0,18,0,0,0,0
662.3674721591656,6,1,1,0,1,1,4,1
4548.408718029317,5,1,0,0,1,0,5,1
15933.055089171477,1,0,0,15,0,0,0,0
27743.22181508381,0,1,0,14,0,0,0,0
4011.6366663250146,7,1,1,3,1,1,6,1
1957.7255260406703,9,1,1,23,1,1,6,1
152805.4051443431,5,1,1,1,1,1,8,1
12142.997413663707,1,0,0,16,0,0,0,0
409255.0863567595,3,1,1,2,1,1,6,1
268150.7804392886,4,1,1,23,1,1,8,1
10865.791067728707,1,0,0,17,0,0,0,0
3651.6501433828857,9,1,1,0,1,1,9,1
180.97367963151743,0,0,0,14,0,0,0,0
14572.215118031183,1,0,0,17,0,0,1,0
997.6378312572491,0,0,0,14,0,0,1,0
9430.714935095417,0,0,0,10,0,0,1,0
13686.65431895059,1,0,0,19,0,0,1,0
27847.625678208493,0,1,0,9,0,0,1,0
207144.95936612278,6,1,1,0,1,0,6,1
9380.089584332789,0,0,0,17,0,0,0,0
9562.068213145043,0,1,0,15,0,0,0,0
2535.1210662385683,6,1,1,1,1,1,8,1
25803.395826042935,1,0,0,13,0,0,1,0
4380.524598554671,0,1,0,14,0,0,1,0
26334.479627314893,0,0,0,13,0,0,1,0
2674.631071473895,7,1,0,1,1,1,6,1
11546.718503576214,1,0,0,14,0,0,1,0
25498.986454863803,0,0,0,15,0,0,1,0
95350.99984184062,4,1,1,0,1,1,4,1
18191.630477788538,0,0,0,9,0,0,1,0
25653.108871075485,0,0,0,13,0,0,0,0
9797.433486195301,0,0,0,8,0,0,0,0
23705.819722879165,1,0,0,13,0,0,1,0
3741.646673784857,5,1,1,1,1,1,3,1
27315.47798350267,1,0,0,15,0,0,1,0
14694.714548668675,1,0,0,17,0,0,1,0
14453.41658157156,1,0,0,18,0,0,0,0
6382.5215006124145,0,0,0,19,0,0,1,0
2796.1100565656825,7,1,1,2,0,1,7,1
27168.440070414414,0,0,0,17,0,0,1,0
3904.0241194166206,0,0,0,19,0,0,0,0
5995.771160845182,0,0,0,11,0,0,1,0
13358.829174797716,1,0,0,13,0,0,0,0
749.3708964350573,3,1,1,22,1,1,8,1
23257.119533281748,0,0,0,11,0,0,0,0
4729.757699958903,1,1,0,12,0,0,0,0
27280.970032612273,1,0,0,18,0,0,0,0
1902.1373503243408,4,1,1,2,1,1,3,1
7855.713182221568,1,1,0,11,0,0,1,0
19478.253605106034,1,0,0,18,0,0,0,0
10634.578922150926,0,0,0,14,0,0,1,0
90652.54192296296,7,1,1,2,1,1,9,1
196.58163499638437,3,1,1,2,1,1,4,1
4578.33623725899,1,0,0,18,0,0,0,0
16101.054777042475,1,0,0,19,0,0,1,0
561.3692425159445,8,1,1,4,1,0,7,1
16306.609383024754,0,1,0,16,0,0,0,0
10208.723840051216,0,0,0,19,0,0,1,0
20033.90099158614,0,0,0,19,0,0,0,0
2024.6895014657825,8,1,1,23,1,1,3,1
180727.7370476335,9,1,1,1,1,1,6,1
19190.814665494152,0,0,0,16,0,0,1,0
12060.886115990112,0,1,0,19,0,0,1,0
3556.6077572842146,1,0,0,19,0,0,0,0
431607.3003463454,6,1,1,4,1,1,8,1
24384.16966005327,1,0,0,12,0,0,1,0
27957.769413066948,0,1,0,14,0,0,0,0
9207.610437648296,0,0,0,9,0,0,1,0
20472.455095916328,1,1,0,15,0,0,1,0
8988.887408011662,0,0,0,13,0,0,1,0
11599.87117176517,0,0,0,15,0,0,0,0
23667.207803014513,0,0,0,11,0,0,0,0
15588.511898145329,0,0,0,14,0,0,1,0
992.9568301615054,4,1,1,22,1,0,9,1
2817.2084972524863,0,0,0,9,0,0,0,0
16675.264768369434,1,0,0,14,0,0,1,0
13023.708679184796,0,1,0,18,0,0,1,0
2211.348865942849,5,1,1,0,1,0,3,1
251.6833755047833,5,1,0,1,1,0,7,1
25560.961439747978,0,0,0,9,0,0,0,0
25559.526531231746,1,1,0,19,0,0,0,0
18719.695240555717,0,0,0,11,0,0,0,0
70349.35632911512,8,1,1,23,1,1,9,1
161071.49431698682,6,1,0,0,1,1,4,1
12051.614574135385,0,1,0,9,0,0,0,0
296133.9161538733,3,1,1,4,1,1,5,1
18539.709958638603,0,0,0,13,0,0,1,0
1115.4872688675036,7,1,1,3,1,1,7,1
15699.182860870857,1,0,0,17,0,0,1,0
14334.095394316748,1,0,0,9,0,0,1,0
708.1983482771117,0,0,0,18,0,0,1,0
6142.219988986972,1,0,0,18,0,0,0,0
17433.96186741234,0,0,0,13,0,0,0,0
25469.306054747314,0,1,0,11,0,0,0,0
2752.7110897706166,3,1,1,1,1,0,9,1
17608.355490919726,1,0,0,15,0,0,0,0
27105.40428714943,1,1,0,15,0,0,0,0
2460.168241024165,8,1,1,1,1,0,5,1
317809.6585758818,3,1,1,3,1,1,9,1
19008.648068318707,0,0,0,19,0,0,1,0
11968.744390735355,1,1,0,17,0,0,0,0
1365.397502664896,7,1,1,4,1,1,5,1
4896.76403451821,4,1,1,0,1,1,9,1
472580.52526310476,8,1,1,22,0,0,6,1
25833.967871487665,1,0,0,12,0,0,0,0
359723.7178268709,8,1,0,2,1,0,4,1
25562.67014719615,0,0,0,11,0,0,1,0
24245.334036399996,1,0,0,11,0,0,1,0
200075.2937618432,4,1,1,1,1,1,5,1
28167.567597683646,0,0,0,9,0,0,1,0
2944.8829163624127,4,1,0,4,1,1,3,1
14413.181445023034,1,1,0,14,0,0,1,0
476.07659333724195,1,0,0,14,0,0,1,0
353297.7196713705,4,1,1,23,1,0,9,1
1170.3581423624846,8,1,1,1,1,1,8,1
19120.396665069165,0,0,0,19,0,0,1,0
29245.61831827035,1,1,0,11,0,0,0,0
2923.8129648173845,3,1,1,4,1,1,5,1
4981.1726001440165,4,1,1,2,1,1,8,1
29764.855620409624,1,1,0,12,0,0,1,0
23841.032062952287,1,0,0,19,0,0,1,0
6614.952250839645,1,0,0,10,0,0,1,0
9261.324071022538,0,1,0,10,0,0,0,0
15597.729800632571,0,0,0,14,0,0,1,0
29508.659474758526,0,0,0,17,0,0,0,0
15406.965057389642,1,0,0,19,0,0,1,0
4819.264046786951,6,1,1,3,1,1,4,1
17338.695199539085,1,0,0,14,0,0,1,0
6026.071954007878,1,0,0,17,0,0,0,0
159796.09553094424,5,1,1,2,1,1,3,1
29830.476050302874,1,0,0,9,0,0,1,0
3154.160821455034,3,1,0,23,1,1,6,1
15775.216144078327,1,0,0,16,0,0,0,0
29131.113463178095,0,0,0,19,0,0,1,0
241741.73767964845,4,1,1,1,0,0,5,1
439125.20459239767,7,1,1,4,1,1,4,1
372936.3860230974,6,1,1,22,1,1,4,1
15095.387014469974,1,0,0,13,0,0,1,0
17261.100995463414,1,1,0,18,0,0,1,0
20226.029308923407,1,0,0,17,0,0,0,0
4374.530240262489,1,0,0,10,0,0,1,0
25782.077244809356,1,0,0,17,0,0,0,0
4486.513504667277,5,1,1,4,1,1,5,1
22962.842821161954,1,0,0,19,0,0,1,0
29896.136633078713,1,0,0,10,0,0,1,0
23473.696771242307,1,0,0,16,0,0,1,0
194.70539149624506,8,1,1,0,1,1,6,1
27872.900540382412,1,0,0,17,0,0,0,0
19117.815535939888,0,0,0,16,0,0,0,0
3572.8490189405848,6,1,1,1,1,1,4,1
10825.937884428353,0,0,0,10,0,0,0,0
227514.9308802373,4,1,1,0,1,1,3,1
11993.423210778086,0,0,0,19,0,0,0,0
24450.079228005536,1,0,0,8,0,0,1,0
298718.63136626966,5,1,1,3,1,1,4,1
28892.444039994025,0,0,0,17,0,0,1,0
3159.732168068488,1,0,0,13,0,0,0,0
246053.3687321523,6,1,1,2,1,0,8,1
11177.693968079477,1,0,0,10,0,0,0,0
26673.520852733007,1,0,0,16,0,0,0,0
23846.052124983788,0,1,0,10,0,0,1,0
19113.73189472118,1,0,0,16,0,0,0,0
74069.33005101926,6,1,1,3,1,1,5,1
10294.661285923194,1,1,0,13,0,0,1,0
12712.712082127337,0,1,0,8,0,0,0,0
8627.65350014438,0,0,0,10,0,0,1,0
18867.29942704838,0,0,0,8,0,0,0,0
235245.54555005563,3,1,1,4,0,1,8,1
22382.720436555992,1,1,0,10,0,0,0,0
1430.820274357523,0,0,0,17,0,0,1,0
24257.92411045967,1,0,0,19,0,0,0,0
4399.603228606961,6,1,0,23,1,0,5,1
349316.12226108817,9,1,1,23,1,1,3,1
404961.2299551479,9,1,0,3,1,1,8,1
3166.7135869997583,3,1,1,4,1,0,9,1
9983.773968958096,0,0,0,12,0,0,1,0
2804.1979684638095,4,1,1,1,1,1,8,1
19623.194778321482,1,1,0,15,0,0,1,0
15700.122451148347,1,0,0,11,0,0,1,0
18168.958168985562,0,0,0,10,0,0,1,0
25108.826337737715,0,0,0,19,0,0,1,0
2372.1221842059126,6,1,1,3,1,1,5,1
2121.8470201582563,9,1,0,22,1,0,7,1
1125.507248969019,1,0,0,17,0,0,0,0
157207.03034563834,8,1,1,0,1,1,3,1
54075.36365700536,5,1,1,1,1,1,9,1
12251.547975349764,1,1,0,16,0,0,1,0
29284.972123567193,1,1,0,18,0,0,0,0
7568.187657150942,0,0,0,9,0,0,1,0
7203.044435576319,1,0,0,8,0,0,0,0
415005.885346292,9,1,1,2,1,1,8,1
72602.65493277673,9,1,1,1,1,1,8,1
4651.6235961143175,1,1,0,11,0,0,1,0
7224.861149537438,0,0,0,17,0,0,0,0
1934.9539598432832,6,1,0,23,1,0,5,1
320699.64413104154,5,1,1,22,1,1,5,1
3261.346673006304,3,1,1,23,1,0,6,1
182117.03632717775,4,1,1,4,0,0,6,1
303998.9263644065,4,1,1,1,0,1,3,1
4788.69988897249,1,1,0,11,0,0,0,0
1942.365160712426,6,1,1,1,1,1,7,1
8855.104715441346,1,1,0,10,0,0,1,0
295662.55065847485,6,1,1,1,1,0,9,1
9554.832164643569,0,0,0,14,0,0,1,0
29035.5104625281,0,0,0,19,0,0,1,0
473188.7028661288,4,1,1,0,1,1,5,1
11614.567824408587,1,0,0,10,0,0,0,0
20791.136552804976,0,0,0,12,0,0,0,0
22182.526996569206,0,0,0,13,0,0,0,0
414.3454137954393,1,0,0,18,0,0,0,0
5584.366940588886,1,0,0,18,0,0,0,0
213325.55938642455,8,1,1,22,1,1,7,1
490127.84002626984,9,1,1,1,1,1,8,1
23573.411239288293,0,1,0,9,0,0,1,0
233950.3587758482,7,1,0,1,1,1,5,1
3058.597719452,4,1,0,22,1,1,7,1
10134.71640280295,1,0,0,19,0,0,1,0
14828.71025613224,1,0,0,9,0,0,0,0
4720.172816716517,0,0,0,14,0,0,1,0
15518.728877204487,0,1,0,13,0,0,1,0
16445.65022042962,0,0,0,17,0,0,0,0
20239.042686128585,0,0,0,17,0,0,0,0
3963.791623072206,1,0,0,15,0,0,0,0
15994.007365333262,1,1,0,17,0,0,1,0
233109.17541733105,7,1,1,0,1,1,8,1
104950.33919459805,5,1,1,0,1,1,6,1
20247.78305827314,0,0,0,10,0,0,1,0
2293.5997845110496,3,1,1,2,1,1,4,1
364173.0731471713,7,1,1,3,1,0,5,1
131776.3002293772,6,1,1,0,0,1,7,1
413343.80588729074,4,1,1,0,1,1,5,1
15892.513870548211,0,0,0,10,0,0,1,0
149545.02760937918,4,1,0,1,1,1,4,1
21509.89419994012,0,0,0,19,0,0,1,0
243652.29954183704,3,1,1,22,1,1,6,1
27680.78508131812,0,0,0,16,0,0,0,0
18619.76008405841,1,0,0,9,0,0,1,0
214.525685959645,0,0,0,8,0,0,1,0
1362.646153704947,3,1,1,23,1,1,7,1
29396.12570789005,1,0,0,13,0,0,0,0
4966.949575572524,3,1,1,0,1,0,8,1
928.4972447443633,8,1,1,3,1,0,5,1
15443.934960232873,0,0,0,14,0,0,1,0
22809.652446636628,1,0,0,12,0,0,0,0
23106.52193305321,0,0,0,9,0,0,0,0
29569.46194518873,0,0,0,10,0,0,1,0
18740.01076695431,1,1,0,12,0,0,0,0
104094.95470771843,7,1,1,3,1,1,5,1
23423.4378024973,0,0,0,16,0,0,1,0
